<?xml version="1.0" encoding="UTF-8" ?>
<!DOCTYPE mapper PUBLIC "-//mybatis.org//DTD Mapper 3.0//EN" "http://mybatis.org/dtd/mybatis-3-mapper.dtd" >
<mapper namespace="com.edu.stu.course.bean.mapper.CollegeCourseMapper" >
  <resultMap id="BaseResultMap" type="com.edu.stu.course.bean.CollegeCourse" >
    <id column="id" property="id" jdbcType="VARCHAR" />
    <result column="majorId" property="majorId" jdbcType="VARCHAR" />
    <result column="name" property="name" jdbcType="VARCHAR" />
    <result column="minutes" property="minutes" jdbcType="TINYINT" />
    <result column="pptFileUrl" property="pptFileUrl" jdbcType="VARCHAR" />
    <result column="gradeScore" property="gradeScore" jdbcType="TINYINT" />
    <result column="remark" property="remark" jdbcType="VARCHAR" />
    <result column="createUser" property="createUser" jdbcType="VARCHAR" />
    <result column="createDate" property="createDate" jdbcType="TIMESTAMP" />
    <result column="updateUser" property="updateUser" jdbcType="VARCHAR" />
    <result column="updateDate" property="updateDate" jdbcType="TIMESTAMP" />
    <result column="deleteFlag" property="deleteFlag" jdbcType="BIT" />
  </resultMap>
  <sql id="Base_Column_List" >
    id, majorId, name, minutes, pptFileUrl, gradeScore, remark, createUser, createDate, 
    updateUser, updateDate, deleteFlag
  </sql>
  <select id="selectByPrimaryKey" resultMap="BaseResultMap" parameterType="java.lang.String" >
    select 
    <include refid="Base_Column_List" />
    from stu_college_course
    where id = #{id,jdbcType=VARCHAR}
  </select>
  <delete id="deleteByPrimaryKey" parameterType="java.lang.String" >
    delete from stu_college_course
    where id = #{id,jdbcType=VARCHAR}
  </delete>
  <insert id="insert" parameterType="com.edu.stu.course.bean.CollegeCourse" >
    insert into stu_college_course (id, majorId, name, 
      minutes, pptFileUrl, gradeScore, 
      remark, createUser, createDate, 
      updateUser, updateDate, deleteFlag
      )
    values (#{id,jdbcType=VARCHAR}, #{majorId,jdbcType=VARCHAR}, #{name,jdbcType=VARCHAR}, 
      #{minutes,jdbcType=TINYINT}, #{pptFileUrl,jdbcType=VARCHAR}, #{gradeScore,jdbcType=TINYINT}, 
      #{remark,jdbcType=VARCHAR}, #{createUser,jdbcType=VARCHAR}, #{createDate,jdbcType=TIMESTAMP}, 
      #{updateUser,jdbcType=VARCHAR}, #{updateDate,jdbcType=TIMESTAMP}, #{deleteFlag,jdbcType=BIT}
      )
  </insert>
  <insert id="insertSelective" parameterType="com.edu.stu.course.bean.CollegeCourse" >
    insert into stu_college_course
    <trim prefix="(" suffix=")" suffixOverrides="," >
      <if test="id != null" >
        id,
      </if>
      <if test="majorId != null" >
        majorId,
      </if>
      <if test="name != null" >
        name,
      </if>
      <if test="minutes != null" >
        minutes,
      </if>
      <if test="pptFileUrl != null" >
        pptFileUrl,
      </if>
      <if test="gradeScore != null" >
        gradeScore,
      </if>
      <if test="remark != null" >
        remark,
      </if>
      <if test="createUser != null" >
        createUser,
      </if>
      <if test="createDate != null" >
        createDate,
      </if>
      <if test="updateUser != null" >
        updateUser,
      </if>
      <if test="updateDate != null" >
        updateDate,
      </if>
      <if test="deleteFlag != null" >
        deleteFlag,
      </if>
    </trim>
    <trim prefix="values (" suffix=")" suffixOverrides="," >
      <if test="id != null" >
        #{id,jdbcType=VARCHAR},
      </if>
      <if test="majorId != null" >
        #{majorId,jdbcType=VARCHAR},
      </if>
      <if test="name != null" >
        #{name,jdbcType=VARCHAR},
      </if>
      <if test="minutes != null" >
        #{minutes,jdbcType=TINYINT},
      </if>
      <if test="pptFileUrl != null" >
        #{pptFileUrl,jdbcType=VARCHAR},
      </if>
      <if test="gradeScore != null" >
        #{gradeScore,jdbcType=TINYINT},
      </if>
      <if test="remark != null" >
        #{remark,jdbcType=VARCHAR},
      </if>
      <if test="createUser != null" >
        #{createUser,jdbcType=VARCHAR},
      </if>
      <if test="createDate != null" >
        #{createDate,jdbcType=TIMESTAMP},
      </if>
      <if test="updateUser != null" >
        #{updateUser,jdbcType=VARCHAR},
      </if>
      <if test="updateDate != null" >
        #{updateDate,jdbcType=TIMESTAMP},
      </if>
      <if test="deleteFlag != null" >
        #{deleteFlag,jdbcType=BIT},
      </if>
    </trim>
  </insert>
  <update id="updateByPrimaryKeySelective" parameterType="com.edu.stu.course.bean.CollegeCourse" >
    update stu_college_course
    <set >
      <if test="majorId != null" >
        majorId = #{majorId,jdbcType=VARCHAR},
      </if>
      <if test="name != null" >
        name = #{name,jdbcType=VARCHAR},
      </if>
      <if test="minutes != null" >
        minutes = #{minutes,jdbcType=TINYINT},
      </if>
      <if test="pptFileUrl != null" >
        pptFileUrl = #{pptFileUrl,jdbcType=VARCHAR},
      </if>
      <if test="gradeScore != null" >
        gradeScore = #{gradeScore,jdbcType=TINYINT},
      </if>
      <if test="remark != null" >
        remark = #{remark,jdbcType=VARCHAR},
      </if>
      <if test="createUser != null" >
        createUser = #{createUser,jdbcType=VARCHAR},
      </if>
      <if test="createDate != null" >
        createDate = #{createDate,jdbcType=TIMESTAMP},
      </if>
      <if test="updateUser != null" >
        updateUser = #{updateUser,jdbcType=VARCHAR},
      </if>
      <if test="updateDate != null" >
        updateDate = #{updateDate,jdbcType=TIMESTAMP},
      </if>
      <if test="deleteFlag != null" >
        deleteFlag = #{deleteFlag,jdbcType=BIT},
      </if>
    </set>
    where id = #{id,jdbcType=VARCHAR}
  </update>
  <update id="updateByPrimaryKey" parameterType="com.edu.stu.course.bean.CollegeCourse" >
    update stu_college_course
    set majorId = #{majorId,jdbcType=VARCHAR},
      name = #{name,jdbcType=VARCHAR},
      minutes = #{minutes,jdbcType=TINYINT},
      pptFileUrl = #{pptFileUrl,jdbcType=VARCHAR},
      gradeScore = #{gradeScore,jdbcType=TINYINT},
      remark = #{remark,jdbcType=VARCHAR},
      createUser = #{createUser,jdbcType=VARCHAR},
      createDate = #{createDate,jdbcType=TIMESTAMP},
      updateUser = #{updateUser,jdbcType=VARCHAR},
      updateDate = #{updateDate,jdbcType=TIMESTAMP},
      deleteFlag = #{deleteFlag,jdbcType=BIT}
    where id = #{id,jdbcType=VARCHAR}
  </update>
  <delete id="deleteByPrimaryKeys" parameterType="java.util.List" >
    delete from stu_college_course where id in
    <foreach collection="list" index="index" item="id" open="(" separator="," close=")" >
      #{id,jdbcType=VARCHAR}
    </foreach>
  </delete>
  <select id="selectListColumnsByExample" parameterType="java.util.Map" resultType="java.util.Map" >
    <choose >
      <when test="interface != null and interface=='lookup'" >
        select id from stu_college_course where 1=1
      </when>
      <otherwise >
        select <include refid="Base_Column_List" /> from stu_college_course where 1=1
      </otherwise>
    </choose>
    <trim >
      <if test="name != null and name!=''" >
        and name like CONCAT('%','${name}','%')
      </if>
      <if test="deleteFlag != null" >
        and deleteFlag = #{deleteFlag}
      </if>
      <if test="ids != null and ids!=''" >
        and id in 
        <foreach collection="ids" index="index" item="id" open="(" separator="," close=")" >
          #{id,jdbcType=VARCHAR}
        </foreach>
      </if>
      <if test="date_s != null and date_s!=''" >
        <![CDATA[ and DATE_FORMAT(createDate, '%Y-%m-%d') >=  DATE_FORMAT(#{date_s}, '%Y-%m-%d') ]]>
      </if>
      <if test="date_e != null and date_e!=''" >
        <![CDATA[ and DATE_FORMAT(createDate, '%Y-%m-%d') <=  DATE_FORMAT(#{date_e}, '%Y-%m-%d') ]]>
      </if>
    </trim>
    <choose >
      <when test="orderSql != null and orderSql!=''" >
        ${orderSql}
      </when>
      <otherwise >
        order by updateDate desc
      </otherwise>
    </choose>
  </select>
  <select id="selectListColumnsByInterface" parameterType="java.util.Map" resultType="java.util.Map" >
    <choose >
      <when test="interface != null and interface=='getListById'" >
        SELECT * FROM stu_college_course WHERE id = #{id}
      </when>
      <when test="interface != null and interface=='getListByName'" >
        SELECT * FROM stu_college_course WHERE name like CONCAT('%','${name}','%')
      </when>
      <when test="interface != null and interface=='getListByDate'" >
        SELECT * FROM stu_college_course WHERE 1=1
		<![CDATA[
			and DATE_FORMAT(createDate, '%Y-%m-%d') >=  DATE_FORMAT(#{date_s}, '%Y-%m-%d')
			and DATE_FORMAT(createDate, '%Y-%m-%d') <=  DATE_FORMAT(#{date_e}, '%Y-%m-%d')
		]]>
      </when>
    </choose>
  </select>
  <select id="selectListBeanByInterface" parameterType="java.util.Map" resultType="com.edu.stu.course.bean.CollegeCourse" >
    <choose >
      <when test="interface != null and interface=='getEnableList'" >
        SELECT * FROM stu_college_course WHERE deleteFlag=0
      </when>
      <otherwise >
        SELECT * FROM stu_college_course WHERE 1=1
      </otherwise>
    </choose>
  </select>
</mapper>