<?xml version="1.0" encoding="UTF-8" ?>
<!DOCTYPE mapper PUBLIC "-//mybatis.org//DTD Mapper 3.0//EN" "http://mybatis.org/dtd/mybatis-3-mapper.dtd" >
<mapper namespace="com.edu.stu.course.bean.mapper.CollegeCourseNotesMapper" >
  <resultMap id="BaseResultMap" type="com.edu.stu.course.bean.CollegeCourseNotes" >
    <id column="id" property="id" jdbcType="VARCHAR" />
    <result column="courseId" property="courseId" jdbcType="VARCHAR" />
    <result column="userId" property="userId" jdbcType="VARCHAR" />
    <result column="createUser" property="createUser" jdbcType="VARCHAR" />
    <result column="createDate" property="createDate" jdbcType="TIMESTAMP" />
    <result column="updateUser" property="updateUser" jdbcType="VARCHAR" />
    <result column="updateDate" property="updateDate" jdbcType="TIMESTAMP" />
    <result column="deleteFlag" property="deleteFlag" jdbcType="BIT" />
  </resultMap>
  <resultMap id="ResultMapWithBLOBs" type="com.edu.stu.course.bean.CollegeCourseNotes" extends="BaseResultMap" >
    <result column="noteContent" property="noteContent" jdbcType="LONGVARCHAR" />
  </resultMap>
  <sql id="Base_Column_List" >
    id, courseId, userId, createUser, createDate, updateUser, updateDate, deleteFlag
  </sql>
  <sql id="Blob_Column_List" >
    noteContent
  </sql>
  <select id="selectByPrimaryKey" resultMap="ResultMapWithBLOBs" parameterType="java.lang.String" >
    select 
    <include refid="Base_Column_List" />
    ,
    <include refid="Blob_Column_List" />
    from stu_college_course_notes
    where id = #{id,jdbcType=VARCHAR}
  </select>
  <delete id="deleteByPrimaryKey" parameterType="java.lang.String" >
    delete from stu_college_course_notes
    where id = #{id,jdbcType=VARCHAR}
  </delete>
  <insert id="insert" parameterType="com.edu.stu.course.bean.CollegeCourseNotes" >
    insert into stu_college_course_notes (id, courseId, userId, 
      createUser, createDate, updateUser, 
      updateDate, deleteFlag, noteContent
      )
    values (#{id,jdbcType=VARCHAR}, #{courseId,jdbcType=VARCHAR}, #{userId,jdbcType=VARCHAR}, 
      #{createUser,jdbcType=VARCHAR}, #{createDate,jdbcType=TIMESTAMP}, #{updateUser,jdbcType=VARCHAR}, 
      #{updateDate,jdbcType=TIMESTAMP}, #{deleteFlag,jdbcType=BIT}, #{noteContent,jdbcType=LONGVARCHAR}
      )
  </insert>
  <insert id="insertSelective" parameterType="com.edu.stu.course.bean.CollegeCourseNotes" >
    insert into stu_college_course_notes
    <trim prefix="(" suffix=")" suffixOverrides="," >
      <if test="id != null" >
        id,
      </if>
      <if test="courseId != null" >
        courseId,
      </if>
      <if test="userId != null" >
        userId,
      </if>
      <if test="createUser != null" >
        createUser,
      </if>
      <if test="createDate != null" >
        createDate,
      </if>
      <if test="updateUser != null" >
        updateUser,
      </if>
      <if test="updateDate != null" >
        updateDate,
      </if>
      <if test="deleteFlag != null" >
        deleteFlag,
      </if>
      <if test="noteContent != null" >
        noteContent,
      </if>
    </trim>
    <trim prefix="values (" suffix=")" suffixOverrides="," >
      <if test="id != null" >
        #{id,jdbcType=VARCHAR},
      </if>
      <if test="courseId != null" >
        #{courseId,jdbcType=VARCHAR},
      </if>
      <if test="userId != null" >
        #{userId,jdbcType=VARCHAR},
      </if>
      <if test="createUser != null" >
        #{createUser,jdbcType=VARCHAR},
      </if>
      <if test="createDate != null" >
        #{createDate,jdbcType=TIMESTAMP},
      </if>
      <if test="updateUser != null" >
        #{updateUser,jdbcType=VARCHAR},
      </if>
      <if test="updateDate != null" >
        #{updateDate,jdbcType=TIMESTAMP},
      </if>
      <if test="deleteFlag != null" >
        #{deleteFlag,jdbcType=BIT},
      </if>
      <if test="noteContent != null" >
        #{noteContent,jdbcType=LONGVARCHAR},
      </if>
    </trim>
  </insert>
  <update id="updateByPrimaryKeySelective" parameterType="com.edu.stu.course.bean.CollegeCourseNotes" >
    update stu_college_course_notes
    <set >
      <if test="courseId != null" >
        courseId = #{courseId,jdbcType=VARCHAR},
      </if>
      <if test="userId != null" >
        userId = #{userId,jdbcType=VARCHAR},
      </if>
      <if test="createUser != null" >
        createUser = #{createUser,jdbcType=VARCHAR},
      </if>
      <if test="createDate != null" >
        createDate = #{createDate,jdbcType=TIMESTAMP},
      </if>
      <if test="updateUser != null" >
        updateUser = #{updateUser,jdbcType=VARCHAR},
      </if>
      <if test="updateDate != null" >
        updateDate = #{updateDate,jdbcType=TIMESTAMP},
      </if>
      <if test="deleteFlag != null" >
        deleteFlag = #{deleteFlag,jdbcType=BIT},
      </if>
      <if test="noteContent != null" >
        noteContent = #{noteContent,jdbcType=LONGVARCHAR},
      </if>
    </set>
    where id = #{id,jdbcType=VARCHAR}
  </update>
  <update id="updateByPrimaryKeyWithBLOBs" parameterType="com.edu.stu.course.bean.CollegeCourseNotes" >
    update stu_college_course_notes
    set courseId = #{courseId,jdbcType=VARCHAR},
      userId = #{userId,jdbcType=VARCHAR},
      createUser = #{createUser,jdbcType=VARCHAR},
      createDate = #{createDate,jdbcType=TIMESTAMP},
      updateUser = #{updateUser,jdbcType=VARCHAR},
      updateDate = #{updateDate,jdbcType=TIMESTAMP},
      deleteFlag = #{deleteFlag,jdbcType=BIT},
      noteContent = #{noteContent,jdbcType=LONGVARCHAR}
    where id = #{id,jdbcType=VARCHAR}
  </update>
  <update id="updateByPrimaryKey" parameterType="com.edu.stu.course.bean.CollegeCourseNotes" >
    update stu_college_course_notes
    set courseId = #{courseId,jdbcType=VARCHAR},
      userId = #{userId,jdbcType=VARCHAR},
      createUser = #{createUser,jdbcType=VARCHAR},
      createDate = #{createDate,jdbcType=TIMESTAMP},
      updateUser = #{updateUser,jdbcType=VARCHAR},
      updateDate = #{updateDate,jdbcType=TIMESTAMP},
      deleteFlag = #{deleteFlag,jdbcType=BIT}
    where id = #{id,jdbcType=VARCHAR}
  </update>
  <delete id="deleteByPrimaryKeys" parameterType="java.util.List" >
    delete from stu_college_course_notes where id in
    <foreach collection="list" index="index" item="id" open="(" separator="," close=")" >
      #{id,jdbcType=VARCHAR}
    </foreach>
  </delete>
  <select id="selectListColumnsByExample" parameterType="java.util.Map" resultType="java.util.Map" >
    <choose >
      <when test="interface != null and interface=='lookup'" >
        select id from stu_college_course_notes where 1=1
      </when>
      <otherwise >
        select <include refid="Base_Column_List" /> from stu_college_course_notes where 1=1
      </otherwise>
    </choose>
    <trim >
      <if test="name != null and name!=''" >
        and name like CONCAT('%','${name}','%')
      </if>
      <if test="deleteFlag != null" >
        and deleteFlag = #{deleteFlag}
      </if>
      <if test="ids != null and ids!=''" >
        and id in 
        <foreach collection="ids" index="index" item="id" open="(" separator="," close=")" >
          #{id,jdbcType=VARCHAR}
        </foreach>
      </if>
      <if test="date_s != null and date_s!=''" >
        <![CDATA[ and DATE_FORMAT(createDate, '%Y-%m-%d') >=  DATE_FORMAT(#{date_s}, '%Y-%m-%d') ]]>
      </if>
      <if test="date_e != null and date_e!=''" >
        <![CDATA[ and DATE_FORMAT(createDate, '%Y-%m-%d') <=  DATE_FORMAT(#{date_e}, '%Y-%m-%d') ]]>
      </if>
    </trim>
    <choose >
      <when test="orderSql != null and orderSql!=''" >
        ${orderSql}
      </when>
      <otherwise >
        order by updateDate desc
      </otherwise>
    </choose>
  </select>
  <select id="selectListColumnsByInterface" parameterType="java.util.Map" resultType="java.util.Map" >
    <choose >
      <when test="interface != null and interface=='getListById'" >
        SELECT * FROM stu_college_course_notes WHERE id = #{id}
      </when>
      <when test="interface != null and interface=='getListByName'" >
        SELECT * FROM stu_college_course_notes WHERE name like CONCAT('%','${name}','%')
      </when>
      <when test="interface != null and interface=='getListByDate'" >
        SELECT * FROM stu_college_course_notes WHERE 1=1
		<![CDATA[
			and DATE_FORMAT(createDate, '%Y-%m-%d') >=  DATE_FORMAT(#{date_s}, '%Y-%m-%d')
			and DATE_FORMAT(createDate, '%Y-%m-%d') <=  DATE_FORMAT(#{date_e}, '%Y-%m-%d')
		]]>
      </when>
    </choose>
  </select>
  <select id="selectListBeanByInterface" parameterType="java.util.Map" resultType="com.edu.stu.course.bean.CollegeCourseNotes" >
    <choose >
      <when test="interface != null and interface=='getEnableList'" >
        SELECT * FROM stu_college_course_notes WHERE deleteFlag=0
      </when>
      <otherwise >
        SELECT * FROM stu_college_course_notes WHERE 1=1
      </otherwise>
    </choose>
  </select>
</mapper>