<?xml version="1.0" encoding="UTF-8" ?>
<!DOCTYPE mapper PUBLIC "-//mybatis.org//DTD Mapper 3.0//EN" "http://mybatis.org/dtd/mybatis-3-mapper.dtd" >
<mapper namespace="com.edu.stu.atten.bean.mapper.LeaveRecordMapper" >
  <resultMap id="BaseResultMap" type="com.edu.stu.atten.bean.LeaveRecord" >
    <id column="id" property="id" jdbcType="VARCHAR" />
    <result column="userId" property="userId" jdbcType="VARCHAR" />
    <result column="typeId" property="typeId" jdbcType="VARCHAR" />
    <result column="url" property="url" jdbcType="VARCHAR" />
    <result column="remark" property="remark" jdbcType="VARCHAR" />
    <result column="auditEnum" property="auditEnum" jdbcType="TINYINT" />
    <result column="auditRemark" property="auditRemark" jdbcType="VARCHAR" />
    <result column="createUser" property="createUser" jdbcType="VARCHAR" />
    <result column="createDate" property="createDate" jdbcType="TIMESTAMP" />
    <result column="updateUser" property="updateUser" jdbcType="VARCHAR" />
    <result column="updateDate" property="updateDate" jdbcType="TIMESTAMP" />
    <result column="deleteFlag" property="deleteFlag" jdbcType="BIT" />
  </resultMap>
  <sql id="Base_Column_List" >
    id, userId, typeId, url, remark, auditEnum, auditRemark, createUser, createDate, 
    updateUser, updateDate, deleteFlag
  </sql>
  <select id="selectByPrimaryKey" resultMap="BaseResultMap" parameterType="java.lang.String" >
    select 
    <include refid="Base_Column_List" />
    from stu_leave_record
    where id = #{id,jdbcType=VARCHAR}
  </select>
  <delete id="deleteByPrimaryKey" parameterType="java.lang.String" >
    delete from stu_leave_record
    where id = #{id,jdbcType=VARCHAR}
  </delete>
  <insert id="insert" parameterType="com.edu.stu.atten.bean.LeaveRecord" >
    insert into stu_leave_record (id, userId, typeId, 
      url, remark, auditEnum, 
      auditRemark, createUser, createDate, 
      updateUser, updateDate, deleteFlag
      )
    values (#{id,jdbcType=VARCHAR}, #{userId,jdbcType=VARCHAR}, #{typeId,jdbcType=VARCHAR}, 
      #{url,jdbcType=VARCHAR}, #{remark,jdbcType=VARCHAR}, #{auditEnum,jdbcType=TINYINT}, 
      #{auditRemark,jdbcType=VARCHAR}, #{createUser,jdbcType=VARCHAR}, #{createDate,jdbcType=TIMESTAMP}, 
      #{updateUser,jdbcType=VARCHAR}, #{updateDate,jdbcType=TIMESTAMP}, #{deleteFlag,jdbcType=BIT}
      )
  </insert>
  <insert id="insertSelective" parameterType="com.edu.stu.atten.bean.LeaveRecord" >
    insert into stu_leave_record
    <trim prefix="(" suffix=")" suffixOverrides="," >
      <if test="id != null" >
        id,
      </if>
      <if test="userId != null" >
        userId,
      </if>
      <if test="typeId != null" >
        typeId,
      </if>
      <if test="url != null" >
        url,
      </if>
      <if test="remark != null" >
        remark,
      </if>
      <if test="auditEnum != null" >
        auditEnum,
      </if>
      <if test="auditRemark != null" >
        auditRemark,
      </if>
      <if test="createUser != null" >
        createUser,
      </if>
      <if test="createDate != null" >
        createDate,
      </if>
      <if test="updateUser != null" >
        updateUser,
      </if>
      <if test="updateDate != null" >
        updateDate,
      </if>
      <if test="deleteFlag != null" >
        deleteFlag,
      </if>
    </trim>
    <trim prefix="values (" suffix=")" suffixOverrides="," >
      <if test="id != null" >
        #{id,jdbcType=VARCHAR},
      </if>
      <if test="userId != null" >
        #{userId,jdbcType=VARCHAR},
      </if>
      <if test="typeId != null" >
        #{typeId,jdbcType=VARCHAR},
      </if>
      <if test="url != null" >
        #{url,jdbcType=VARCHAR},
      </if>
      <if test="remark != null" >
        #{remark,jdbcType=VARCHAR},
      </if>
      <if test="auditEnum != null" >
        #{auditEnum,jdbcType=TINYINT},
      </if>
      <if test="auditRemark != null" >
        #{auditRemark,jdbcType=VARCHAR},
      </if>
      <if test="createUser != null" >
        #{createUser,jdbcType=VARCHAR},
      </if>
      <if test="createDate != null" >
        #{createDate,jdbcType=TIMESTAMP},
      </if>
      <if test="updateUser != null" >
        #{updateUser,jdbcType=VARCHAR},
      </if>
      <if test="updateDate != null" >
        #{updateDate,jdbcType=TIMESTAMP},
      </if>
      <if test="deleteFlag != null" >
        #{deleteFlag,jdbcType=BIT},
      </if>
    </trim>
  </insert>
  <update id="updateByPrimaryKeySelective" parameterType="com.edu.stu.atten.bean.LeaveRecord" >
    update stu_leave_record
    <set >
      <if test="userId != null" >
        userId = #{userId,jdbcType=VARCHAR},
      </if>
      <if test="typeId != null" >
        typeId = #{typeId,jdbcType=VARCHAR},
      </if>
      <if test="url != null" >
        url = #{url,jdbcType=VARCHAR},
      </if>
      <if test="remark != null" >
        remark = #{remark,jdbcType=VARCHAR},
      </if>
      <if test="auditEnum != null" >
        auditEnum = #{auditEnum,jdbcType=TINYINT},
      </if>
      <if test="auditRemark != null" >
        auditRemark = #{auditRemark,jdbcType=VARCHAR},
      </if>
      <if test="createUser != null" >
        createUser = #{createUser,jdbcType=VARCHAR},
      </if>
      <if test="createDate != null" >
        createDate = #{createDate,jdbcType=TIMESTAMP},
      </if>
      <if test="updateUser != null" >
        updateUser = #{updateUser,jdbcType=VARCHAR},
      </if>
      <if test="updateDate != null" >
        updateDate = #{updateDate,jdbcType=TIMESTAMP},
      </if>
      <if test="deleteFlag != null" >
        deleteFlag = #{deleteFlag,jdbcType=BIT},
      </if>
    </set>
    where id = #{id,jdbcType=VARCHAR}
  </update>
  <update id="updateByPrimaryKey" parameterType="com.edu.stu.atten.bean.LeaveRecord" >
    update stu_leave_record
    set userId = #{userId,jdbcType=VARCHAR},
      typeId = #{typeId,jdbcType=VARCHAR},
      url = #{url,jdbcType=VARCHAR},
      remark = #{remark,jdbcType=VARCHAR},
      auditEnum = #{auditEnum,jdbcType=TINYINT},
      auditRemark = #{auditRemark,jdbcType=VARCHAR},
      createUser = #{createUser,jdbcType=VARCHAR},
      createDate = #{createDate,jdbcType=TIMESTAMP},
      updateUser = #{updateUser,jdbcType=VARCHAR},
      updateDate = #{updateDate,jdbcType=TIMESTAMP},
      deleteFlag = #{deleteFlag,jdbcType=BIT}
    where id = #{id,jdbcType=VARCHAR}
  </update>
  <delete id="deleteByPrimaryKeys" parameterType="java.util.List" >
    delete from stu_leave_record where id in
    <foreach collection="list" index="index" item="id" open="(" separator="," close=")" >
      #{id,jdbcType=VARCHAR}
    </foreach>
  </delete>
  <select id="selectListColumnsByExample" parameterType="java.util.Map" resultType="java.util.Map" >
    <choose >
      <when test="interface != null and interface=='getMap'" >
        select t.id from stu_leave_record t where 1=1
      </when>
      <otherwise >
		select t.id, u.`name` as userName, lt.`name` as typeName, t.url, t.remark, t.auditEnum, t.auditRemark, 
			u2.`name` as createUser, t.createDate, 
			u3.`name` as updateUser, t.updateDate, t.deleteFlag
		from stu_leave_record t
			LEFT JOIN system_user u ON u.id=t.userId
			LEFT JOIN stu_leave_type lt ON lt.id=t.typeId
			LEFT JOIN system_user u2 ON u2.id=t.createUser
			LEFT JOIN system_user u3 ON u3.id=t.updateUser
		where 1=1
      </otherwise>
    </choose>
    <trim >
      <if test="id != null and id!=''" >
        and t.id = #{id}
      </if>
      <if test="name != null and name!=''" >
        and u.name like CONCAT('%','${name}','%')
      </if>
      <if test="deleteFlag != null" >
        and t.deleteFlag = #{deleteFlag}
      </if>
      <if test="date_s != null and date_s!=''" >
        <![CDATA[ and DATE_FORMAT(t.createDate, '%Y-%m-%d') >=  DATE_FORMAT(#{date_s}, '%Y-%m-%d') ]]>
      </if>
      <if test="date_e != null and date_e!=''" >
        <![CDATA[ and DATE_FORMAT(t.createDate, '%Y-%m-%d') <=  DATE_FORMAT(#{date_e}, '%Y-%m-%d') ]]>
      </if>
    </trim>
    <choose >
      <when test="orderSql != null and orderSql!=''" >
        ${orderSql}
      </when>
      <otherwise >
        order by updateDate desc
      </otherwise>
    </choose>
  </select>
  <select id="selectListColumnsByInterface" parameterType="java.util.Map" resultType="java.util.Map" >
    <choose >
      <when test="interface != null and interface=='getListById'" >
        SELECT * FROM stu_leave_record WHERE id = #{id}
      </when>
      <when test="interface != null and interface=='getListByName'" >
        SELECT * FROM stu_leave_record WHERE name like CONCAT('%','${name}','%')
      </when>
      <when test="interface != null and interface=='getListByDate'" >
        SELECT * FROM stu_leave_record WHERE 1=1
		<![CDATA[
			and DATE_FORMAT(createDate, '%Y-%m-%d') >=  DATE_FORMAT(#{date_s}, '%Y-%m-%d')
			and DATE_FORMAT(createDate, '%Y-%m-%d') <=  DATE_FORMAT(#{date_e}, '%Y-%m-%d')
		]]>
      </when>
    </choose>
  </select>
  <select id="selectListBeanByInterface" parameterType="java.util.Map" resultType="com.edu.stu.atten.bean.LeaveRecord" >
    <choose >
      <when test="interface != null and interface=='getEnableList'" >
        SELECT * FROM stu_leave_record WHERE deleteFlag=0
      </when>
      <otherwise >
        SELECT * FROM stu_leave_record WHERE 1=1
      </otherwise>
    </choose>
  </select>
</mapper>