<?xml version="1.0" encoding="UTF-8" ?>
<!DOCTYPE configuration PUBLIC "-//mybatis.org//DTD Config 3.0//EN"
"http://mybatis.org/dtd/mybatis-3-config.dtd">
<configuration>
	<!-- <properties resource="res/config.properties"></properties>  -->
	
	<properties>
		<property name="jdbc.url.new_education_db" value="jdbc:mysql://127.0.0.1:3306/new_education_db?characterEncoding=utf8&amp;zeroDateTimeBehavior=convertToNull"/>
		<property name="jdbc.user" value="root"/>
		<property name="jdbc.password" value="root"/>
	</properties>
	
	<plugins>
		<!-- com.github.pagehelper为PageHelper类所在包名 -->
		<plugin interceptor="com.github.pagehelper.PageHelper">
			<property name="dialect" value="mysql" />
			<property name="offsetAsPageNum" value="true" />
			<property name="rowBoundsWithCount" value="true" />
			<property name="pageSizeZero" value="true" />
			<property name="reasonable" value="true" />
			<property name="params" value="pageNum=start;pageSize=limit" />
		</plugin>
	</plugins>

	<environments default="new_education_db">
		<environment id="new_education_db">
			<transactionManager type="JDBC"/>
			<dataSource type="POOLED">
				<property name="driver" value="com.mysql.jdbc.Driver"/>
				<property name="url" value="${jdbc.url.new_education_db}"/>
				<property name="username" value="${jdbc.user}"/>
				<property name="password" value="${jdbc.password}"/>
				<property name="poolPingEnabled" value="true"/>  
				<property name="poolPingQuery" value="select 1"/>  
				<property name="poolPingConnectionsNotUsedFor" value="290000"/>
			</dataSource>
		</environment>
	</environments>
	
	<mappers>
		<package name="com.edu.stu.user.bean.mapper"/>
		<package name="com.edu.stu.atten.bean.mapper"/>
		<package name="com.edu.stu.course.bean.mapper"/>
		<package name="com.edu.stu.project.bean.mapper"/>
		<package name="com.edu.sys.bean.mapper"/>
	</mappers>
</configuration>