<?xml version="1.0" encoding="UTF-8" ?>
<!DOCTYPE mapper PUBLIC "-//mybatis.org//DTD Mapper 3.0//EN" "http://mybatis.org/dtd/mybatis-3-mapper.dtd" >
<mapper namespace="com.edu.stu.project.bean.mapper.Project2fileMapper" >
  <resultMap id="BaseResultMap" type="com.edu.stu.project.bean.Project2file" >
    <id column="id" property="id" jdbcType="VARCHAR" />
    <result column="projectId" property="projectId" jdbcType="VARCHAR" />
    <result column="projectFileId" property="projectFileId" jdbcType="VARCHAR" />
    <result column="createUser" property="createUser" jdbcType="VARCHAR" />
    <result column="createDate" property="createDate" jdbcType="TIMESTAMP" />
    <result column="updateUser" property="updateUser" jdbcType="VARCHAR" />
    <result column="updateDate" property="updateDate" jdbcType="TIMESTAMP" />
    <result column="deleteFlag" property="deleteFlag" jdbcType="BIT" />
  </resultMap>
  <sql id="Base_Column_List" >
    id, projectId, projectFileId, createUser, createDate, updateUser, updateDate, deleteFlag
  </sql>
  <select id="selectByPrimaryKey" resultMap="BaseResultMap" parameterType="java.lang.String" >
    select 
    <include refid="Base_Column_List" />
    from stu_project2file
    where id = #{id,jdbcType=VARCHAR}
  </select>
  <delete id="deleteByPrimaryKey" parameterType="java.lang.String" >
    delete from stu_project2file
    where id = #{id,jdbcType=VARCHAR}
  </delete>
  <insert id="insert" parameterType="com.edu.stu.project.bean.Project2file" >
    insert into stu_project2file (id, projectId, projectFileId, 
      createUser, createDate, updateUser, 
      updateDate, deleteFlag)
    values (#{id,jdbcType=VARCHAR}, #{projectId,jdbcType=VARCHAR}, #{projectFileId,jdbcType=VARCHAR}, 
      #{createUser,jdbcType=VARCHAR}, #{createDate,jdbcType=TIMESTAMP}, #{updateUser,jdbcType=VARCHAR}, 
      #{updateDate,jdbcType=TIMESTAMP}, #{deleteFlag,jdbcType=BIT})
  </insert>
  <insert id="insertSelective" parameterType="com.edu.stu.project.bean.Project2file" >
    insert into stu_project2file
    <trim prefix="(" suffix=")" suffixOverrides="," >
      <if test="id != null" >
        id,
      </if>
      <if test="projectId != null" >
        projectId,
      </if>
      <if test="projectFileId != null" >
        projectFileId,
      </if>
      <if test="createUser != null" >
        createUser,
      </if>
      <if test="createDate != null" >
        createDate,
      </if>
      <if test="updateUser != null" >
        updateUser,
      </if>
      <if test="updateDate != null" >
        updateDate,
      </if>
      <if test="deleteFlag != null" >
        deleteFlag,
      </if>
    </trim>
    <trim prefix="values (" suffix=")" suffixOverrides="," >
      <if test="id != null" >
        #{id,jdbcType=VARCHAR},
      </if>
      <if test="projectId != null" >
        #{projectId,jdbcType=VARCHAR},
      </if>
      <if test="projectFileId != null" >
        #{projectFileId,jdbcType=VARCHAR},
      </if>
      <if test="createUser != null" >
        #{createUser,jdbcType=VARCHAR},
      </if>
      <if test="createDate != null" >
        #{createDate,jdbcType=TIMESTAMP},
      </if>
      <if test="updateUser != null" >
        #{updateUser,jdbcType=VARCHAR},
      </if>
      <if test="updateDate != null" >
        #{updateDate,jdbcType=TIMESTAMP},
      </if>
      <if test="deleteFlag != null" >
        #{deleteFlag,jdbcType=BIT},
      </if>
    </trim>
  </insert>
  <update id="updateByPrimaryKeySelective" parameterType="com.edu.stu.project.bean.Project2file" >
    update stu_project2file
    <set >
      <if test="projectId != null" >
        projectId = #{projectId,jdbcType=VARCHAR},
      </if>
      <if test="projectFileId != null" >
        projectFileId = #{projectFileId,jdbcType=VARCHAR},
      </if>
      <if test="createUser != null" >
        createUser = #{createUser,jdbcType=VARCHAR},
      </if>
      <if test="createDate != null" >
        createDate = #{createDate,jdbcType=TIMESTAMP},
      </if>
      <if test="updateUser != null" >
        updateUser = #{updateUser,jdbcType=VARCHAR},
      </if>
      <if test="updateDate != null" >
        updateDate = #{updateDate,jdbcType=TIMESTAMP},
      </if>
      <if test="deleteFlag != null" >
        deleteFlag = #{deleteFlag,jdbcType=BIT},
      </if>
    </set>
    where id = #{id,jdbcType=VARCHAR}
  </update>
  <update id="updateByPrimaryKey" parameterType="com.edu.stu.project.bean.Project2file" >
    update stu_project2file
    set projectId = #{projectId,jdbcType=VARCHAR},
      projectFileId = #{projectFileId,jdbcType=VARCHAR},
      createUser = #{createUser,jdbcType=VARCHAR},
      createDate = #{createDate,jdbcType=TIMESTAMP},
      updateUser = #{updateUser,jdbcType=VARCHAR},
      updateDate = #{updateDate,jdbcType=TIMESTAMP},
      deleteFlag = #{deleteFlag,jdbcType=BIT}
    where id = #{id,jdbcType=VARCHAR}
  </update>
  <delete id="deleteByPrimaryKeys" parameterType="java.util.List" >
    delete from stu_project2file where id in
    <foreach collection="list" index="index" item="id" open="(" separator="," close=")" >
      #{id,jdbcType=VARCHAR}
    </foreach>
  </delete>
  <select id="selectListColumnsByExample" parameterType="java.util.Map" resultType="java.util.Map" >
    <choose >
      <when test="interface != null and interface=='lookup'" >
        select id from stu_project2file where 1=1
      </when>
      <otherwise >
        select <include refid="Base_Column_List" /> from stu_project2file where 1=1
      </otherwise>
    </choose>
    <trim >
      <if test="name != null and name!=''" >
        and name like CONCAT('%','${name}','%')
      </if>
      <if test="deleteFlag != null" >
        and deleteFlag = #{deleteFlag}
      </if>
      <if test="ids != null and ids!=''" >
        and id in 
        <foreach collection="ids" index="index" item="id" open="(" separator="," close=")" >
          #{id,jdbcType=VARCHAR}
        </foreach>
      </if>
      <if test="date_s != null and date_s!=''" >
        <![CDATA[ and DATE_FORMAT(createDate, '%Y-%m-%d') >=  DATE_FORMAT(#{date_s}, '%Y-%m-%d') ]]>
      </if>
      <if test="date_e != null and date_e!=''" >
        <![CDATA[ and DATE_FORMAT(createDate, '%Y-%m-%d') <=  DATE_FORMAT(#{date_e}, '%Y-%m-%d') ]]>
      </if>
    </trim>
    <choose >
      <when test="orderSql != null and orderSql!=''" >
        ${orderSql}
      </when>
      <otherwise >
        order by updateDate desc
      </otherwise>
    </choose>
  </select>
  <select id="selectListColumnsByInterface" parameterType="java.util.Map" resultType="java.util.Map" >
    <choose >
      <when test="interface != null and interface=='getListById'" >
        SELECT * FROM stu_project2file WHERE id = #{id}
      </when>
      <when test="interface != null and interface=='getListByName'" >
        SELECT * FROM stu_project2file WHERE name like CONCAT('%','${name}','%')
      </when>
      <when test="interface != null and interface=='getListByDate'" >
        SELECT * FROM stu_project2file WHERE 1=1
		<![CDATA[
			and DATE_FORMAT(createDate, '%Y-%m-%d') >=  DATE_FORMAT(#{date_s}, '%Y-%m-%d')
			and DATE_FORMAT(createDate, '%Y-%m-%d') <=  DATE_FORMAT(#{date_e}, '%Y-%m-%d')
		]]>
      </when>
    </choose>
  </select>
  <select id="selectListBeanByInterface" parameterType="java.util.Map" resultType="com.edu.stu.project.bean.Project2file" >
    <choose >
      <when test="interface != null and interface=='getEnableList'" >
        SELECT * FROM stu_project2file WHERE deleteFlag=0
      </when>
      <otherwise >
        SELECT * FROM stu_project2file WHERE 1=1
      </otherwise>
    </choose>
  </select>
</mapper>