<?xml version="1.0" encoding="UTF-8"?>
<!DOCTYPE mapper PUBLIC "-//mybatis.org//DTD Mapper 3.0//EN" "http://mybatis.org/dtd/mybatis-3-mapper.dtd">
<mapper namespace="com.edu.stu.user.bean.mapper.UserMapper">
  <resultMap id="BaseResultMap" type="com.edu.stu.user.bean.User">
    <id column="id" jdbcType="VARCHAR" property="id" />
    <result column="code" jdbcType="VARCHAR" property="code" />
    <result column="password" jdbcType="VARCHAR" property="password" />
    <result column="name" jdbcType="VARCHAR" property="name" />
    <result column="sex" jdbcType="BIT" property="sex" />
    <result column="birthday" jdbcType="DATE" property="birthday" />
    <result column="phone" jdbcType="VARCHAR" property="phone" />
    <result column="email" jdbcType="VARCHAR" property="email" />
    <result column="qq" jdbcType="VARCHAR" property="qq" />
    <result column="userType" jdbcType="TINYINT" property="userType" />
    <result column="remark" jdbcType="VARCHAR" property="remark" />
    <result column="createUser" jdbcType="VARCHAR" property="createUser" />
    <result column="createDate" jdbcType="TIMESTAMP" property="createDate" />
    <result column="updateUser" jdbcType="VARCHAR" property="updateUser" />
    <result column="updateDate" jdbcType="TIMESTAMP" property="updateDate" />
    <result column="deleteFlag" jdbcType="BIT" property="deleteFlag" />
  </resultMap>
  <sql id="Base_Column_List">
    id, code, password, name, sex, birthday, phone, email, qq, userType, remark, createUser, 
    createDate, updateUser, updateDate, deleteFlag
  </sql>
  <select id="selectByPrimaryKey" parameterType="java.lang.String" resultMap="BaseResultMap">
    select 
    <include refid="Base_Column_List" />
    from system_user
    where id = #{id,jdbcType=VARCHAR}
  </select>
  <delete id="deleteByPrimaryKey" parameterType="java.lang.String">
    delete from system_user
    where id = #{id,jdbcType=VARCHAR}
  </delete>
  <insert id="insert" parameterType="com.edu.stu.user.bean.User">
    insert into system_user (id, code, password, 
      name, sex, birthday, phone, 
      email, qq, userType, 
      remark, createUser, createDate, 
      updateUser, updateDate, deleteFlag
      )
    values (#{id,jdbcType=VARCHAR}, #{code,jdbcType=VARCHAR}, #{password,jdbcType=VARCHAR}, 
      #{name,jdbcType=VARCHAR}, #{sex,jdbcType=BIT}, #{birthday,jdbcType=DATE}, #{phone,jdbcType=VARCHAR}, 
      #{email,jdbcType=VARCHAR}, #{qq,jdbcType=VARCHAR}, #{userType,jdbcType=TINYINT}, 
      #{remark,jdbcType=VARCHAR}, #{createUser,jdbcType=VARCHAR}, #{createDate,jdbcType=TIMESTAMP}, 
      #{updateUser,jdbcType=VARCHAR}, #{updateDate,jdbcType=TIMESTAMP}, #{deleteFlag,jdbcType=BIT}
      )
  </insert>
  <insert id="insertSelective" parameterType="com.edu.stu.user.bean.User">
    insert into system_user
    <trim prefix="(" suffix=")" suffixOverrides=",">
      <if test="id != null">
        id,
      </if>
      <if test="code != null">
        code,
      </if>
      <if test="password != null">
        password,
      </if>
      <if test="name != null">
        name,
      </if>
      <if test="sex != null">
        sex,
      </if>
      <if test="birthday != null">
        birthday,
      </if>
      <if test="phone != null">
        phone,
      </if>
      <if test="email != null">
        email,
      </if>
      <if test="qq != null">
        qq,
      </if>
      <if test="userType != null">
        userType,
      </if>
      <if test="remark != null">
        remark,
      </if>
      <if test="createUser != null">
        createUser,
      </if>
      <if test="createDate != null">
        createDate,
      </if>
      <if test="updateUser != null">
        updateUser,
      </if>
      <if test="updateDate != null">
        updateDate,
      </if>
      <if test="deleteFlag != null">
        deleteFlag,
      </if>
    </trim>
    <trim prefix="values (" suffix=")" suffixOverrides=",">
      <if test="id != null">
        #{id,jdbcType=VARCHAR},
      </if>
      <if test="code != null">
        #{code,jdbcType=VARCHAR},
      </if>
      <if test="password != null">
        #{password,jdbcType=VARCHAR},
      </if>
      <if test="name != null">
        #{name,jdbcType=VARCHAR},
      </if>
      <if test="sex != null">
        #{sex,jdbcType=BIT},
      </if>
      <if test="birthday != null">
        #{birthday,jdbcType=DATE},
      </if>
      <if test="phone != null">
        #{phone,jdbcType=VARCHAR},
      </if>
      <if test="email != null">
        #{email,jdbcType=VARCHAR},
      </if>
      <if test="qq != null">
        #{qq,jdbcType=VARCHAR},
      </if>
      <if test="userType != null">
        #{userType,jdbcType=TINYINT},
      </if>
      <if test="remark != null">
        #{remark,jdbcType=VARCHAR},
      </if>
      <if test="createUser != null">
        #{createUser,jdbcType=VARCHAR},
      </if>
      <if test="createDate != null">
        #{createDate,jdbcType=TIMESTAMP},
      </if>
      <if test="updateUser != null">
        #{updateUser,jdbcType=VARCHAR},
      </if>
      <if test="updateDate != null">
        #{updateDate,jdbcType=TIMESTAMP},
      </if>
      <if test="deleteFlag != null">
        #{deleteFlag,jdbcType=BIT},
      </if>
    </trim>
  </insert>
  <update id="updateByPrimaryKeySelective" parameterType="com.edu.stu.user.bean.User">
    update system_user
    <set>
      <if test="code != null">
        code = #{code,jdbcType=VARCHAR},
      </if>
      <if test="password != null">
        password = #{password,jdbcType=VARCHAR},
      </if>
      <if test="name != null">
        name = #{name,jdbcType=VARCHAR},
      </if>
      <if test="sex != null">
        sex = #{sex,jdbcType=BIT},
      </if>
      <if test="birthday != null">
        birthday = #{birthday,jdbcType=DATE},
      </if>
      <if test="phone != null">
        phone = #{phone,jdbcType=VARCHAR},
      </if>
      <if test="email != null">
        email = #{email,jdbcType=VARCHAR},
      </if>
      <if test="qq != null">
        qq = #{qq,jdbcType=VARCHAR},
      </if>
      <if test="userType != null">
        userType = #{userType,jdbcType=TINYINT},
      </if>
      <if test="remark != null">
        remark = #{remark,jdbcType=VARCHAR},
      </if>
      <if test="createUser != null">
        createUser = #{createUser,jdbcType=VARCHAR},
      </if>
      <if test="createDate != null">
        createDate = #{createDate,jdbcType=TIMESTAMP},
      </if>
      <if test="updateUser != null">
        updateUser = #{updateUser,jdbcType=VARCHAR},
      </if>
      <if test="updateDate != null">
        updateDate = #{updateDate,jdbcType=TIMESTAMP},
      </if>
      <if test="deleteFlag != null">
        deleteFlag = #{deleteFlag,jdbcType=BIT},
      </if>
    </set>
    where id = #{id,jdbcType=VARCHAR}
  </update>
  <update id="updateByPrimaryKey" parameterType="com.edu.stu.user.bean.User">
    update system_user
    set code = #{code,jdbcType=VARCHAR},
      password = #{password,jdbcType=VARCHAR},
      name = #{name,jdbcType=VARCHAR},
      sex = #{sex,jdbcType=BIT},
      birthday = #{birthday,jdbcType=DATE},
      phone = #{phone,jdbcType=VARCHAR},
      email = #{email,jdbcType=VARCHAR},
      qq = #{qq,jdbcType=VARCHAR},
      userType = #{userType,jdbcType=TINYINT},
      remark = #{remark,jdbcType=VARCHAR},
      createUser = #{createUser,jdbcType=VARCHAR},
      createDate = #{createDate,jdbcType=TIMESTAMP},
      updateUser = #{updateUser,jdbcType=VARCHAR},
      updateDate = #{updateDate,jdbcType=TIMESTAMP},
      deleteFlag = #{deleteFlag,jdbcType=BIT}
    where id = #{id,jdbcType=VARCHAR}
  </update>
  <delete id="deleteByPrimaryKeys" parameterType="java.util.List">
    delete from system_user where id in
    <foreach close=")" collection="list" index="index" item="id" open="(" separator=",">
      #{id,jdbcType=VARCHAR}
    </foreach>
  </delete>
  
  <select id="selectOne" parameterType="com.edu.stu.user.bean.User" resultType="com.edu.stu.user.bean.User">
  	select * from system_user where code=#{code} 
  </select>
  
  
  <select id="selectListColumnsByExample" parameterType="java.util.Map" resultType="java.util.Map">
    <choose>
      <when test="interface != null and interface=='lookup'">
        select id from system_user where 1=1
      </when>
      <otherwise>
        select <include refid="Base_Column_List" /> from system_user where 1=1
      </otherwise>
    </choose>
    <trim>
      <if test="name != null and name!=''">
        and name like CONCAT('%','${name}','%')
      </if>
      <if test="deleteFlag != null">
        and deleteFlag = #{deleteFlag}
      </if>
      <if test="ids != null and ids!=''">
        and id in 
        <foreach close=")" collection="ids" index="index" item="id" open="(" separator=",">
          #{id,jdbcType=VARCHAR}
        </foreach>
      </if>
      <if test="date_s != null and date_s!=''">
        <![CDATA[ and DATE_FORMAT(createDate, '%Y-%m-%d') >=  DATE_FORMAT(#{date_s}, '%Y-%m-%d') ]]>
      </if>
      <if test="date_e != null and date_e!=''">
        <![CDATA[ and DATE_FORMAT(createDate, '%Y-%m-%d') <=  DATE_FORMAT(#{date_e}, '%Y-%m-%d') ]]>
      </if>
    </trim>
    <choose>
      <when test="orderSql != null and orderSql!=''">
        ${orderSql}
      </when>
      <otherwise>
        order by updateDate desc
      </otherwise>
    </choose>
  </select>
  <select id="selectListColumnsByInterface" parameterType="java.util.Map" resultType="java.util.Map">
    <choose>
      <when test="interface != null and interface=='getListById'">
        SELECT * FROM system_user WHERE id = #{id}
      </when>
      <when test="interface != null and interface=='getListByName'">
        SELECT * FROM system_user WHERE name like CONCAT('%','${name}','%')
      </when>
      <when test="interface != null and interface=='getListByDate'">
        SELECT * FROM system_user WHERE 1=1
		<![CDATA[
			and DATE_FORMAT(createDate, '%Y-%m-%d') >=  DATE_FORMAT(#{date_s}, '%Y-%m-%d')
			and DATE_FORMAT(createDate, '%Y-%m-%d') <=  DATE_FORMAT(#{date_e}, '%Y-%m-%d')
		]]>
      </when>
    </choose>
  </select>
  <select id="selectListBeanByInterface" parameterType="java.util.Map" resultType="com.edu.stu.user.bean.User">
    <choose>
      <when test="interface != null and interface=='getEnableList'">
        SELECT * FROM system_user WHERE deleteFlag=0
      </when>
      <otherwise>
        SELECT * FROM system_user WHERE 1=1
      </otherwise>
    </choose>
  </select>
</mapper>